{
  "version": 1,
  "author": "Fathimah Abiyyi Khairunnisa",
  "editor": "wokwi",
  "parts": [
    { "type": "wokwi-esp32-devkit-v1", "id": "esp", "top": 14.6, "left": 77.54, "attrs": {} },
    {
      "type": "wokwi-led",
      "id": "led1",
      "top": -57.88,
      "left": -127.86,
      "attrs": { "color": "red" }
    },
    {
      "type": "wokwi-led",
      "id": "led2",
      "top": 22.87,
      "left": -128.76,
      "attrs": { "color": "yellow" }
    },
    {
      "type": "wokwi-led",
      "id": "led3",
      "top": 96.03,
      "left": -122.19,
      "attrs": { "color": "limegreen" }
    },
    {
      "type": "wokwi-resistor",
      "id": "r1",
      "top": -11.75,
      "left": -76.62,
      "attrs": { "value": "1000" }
    },
    {
      "type": "wokwi-resistor",
      "id": "r2",
      "top": 62.67,
      "left": -71.91,
      "attrs": { "value": "1000" }
    },
    {
      "type": "wokwi-resistor",
      "id": "r3",
      "top": 134.62,
      "left": -71.55,
      "attrs": { "value": "1000" }
    },
    {
      "type": "wokwi-buzzer",
      "id": "bz1",
      "top": -104.01,
      "left": 10.63,
      "attrs": { "volume": "0.1" }
    },
    {
      "type": "wokwi-hc-sr04",
      "id": "ultrasonic1",
      "top": -94.23,
      "left": 167.92,
      "attrs": { "distance": "84" }
    }
  ],
  "connections": [
    [ "esp:TX0", "$serialMonitor:RX", "", [] ],
    [ "esp:RX0", "$serialMonitor:TX", "", [] ],
    [ "led2:A", "r2:1", "yellow", [] ],
    [ "led2:C", "led3:C", "black", [] ],
    [ "led1:A", "r1:1", "red", [] ],
    [ "led1:C", "led2:C", "black", [] ],
    [ "led3:A", "r3:1", "limegreen", [] ],
    [ "led3:C", "esp:GND.2", "black", [] ],
    [ "r1:2", "esp:D14", "red", [] ],
    [ "r2:2", "esp:D12", "yellow", [] ],
    [ "r3:2", "esp:D13", "limegreen", [] ],
    [ "bz1:1", "esp:GND.2", "black", [] ],
    [ "bz1:2", "esp:D26", "green", [] ],
    [ "ultrasonic1:GND", "esp:GND.1", "black", [] ],
    [ "ultrasonic1:VCC", "esp:3V3", "red", [] ],
    [ "ultrasonic1:ECHO", "esp:D15", "blue", [] ],
    [ "ultrasonic1:TRIG", "esp:D2", "white", [] ]
  ],
  "dependencies": {
    "CTBot": {
      "version": "latest",
      "installation": "This library allows you to control devices like LEDs, buzzers, and read ultrasonic sensor data through Telegram commands."
    },
    "WiFi": {
      "version": "latest",
      "installation": "Required to connect the ESP32 to the internet and use Telegram API."
    }
  }
}
